ID,NAME
0,Puss In Boots: The Last Wish
1,Toy story
2,Alvin and the Chipmunks
3,Back to the Future
4,Ratatouille
5,Minions
6,Kung fu panda
7,Shrek
8,School of Rock
9,Bruce Almighty
10,Only you 1994
11,Us
12,28 Weeks Later
13,Mamma Mia! 
14,MegaMind
15,Wall E
16,Friends with Benefits
17,Jurassic Park
18,Zombieland
19,The Cabin in the Woods
20,The Good Place
21,Sound of Music
22,Life is Beautiful
23,Truman show
24,Singin' in the Rain
25,Dead Poets Society
26,The Magic School Bus
27,Inside the Mind of a Cat 
28,Good Night Oppy 
29,Our Universe 
30,Hot chick
31,Three Idiots
32,Deadpool
33,Cloudy with a Chance of Meatballs
34,The Incredibles
35,Despicable Me
36,Venom
37,Penguins of Madagascar
38,The Bad Guys
39,Guardians of the Galaxy
